,MinTemp,MaxTemp,Rainfall,WindGustSpeed,WindSpeed9am,WindSpeed3pm,Pressure9am,Pressure3pm,Temp9am,Temp3pm,RISK_MM
MinTemp,1,0.685194719,0.032212133,0.253434218,0.284311567,0.084520252,-0.484335104,-0.473134561,0.864007899,0.648879721,0.067956569
MaxTemp,0.685194719,1,-0.208668557,0.099868346,0.057979224,-0.017386725,-0.299818561,-0.418164371,0.877513267,0.985466201,-0.146647127
Rainfall,0.032212133,-0.208668557,1,0.187746343,0.064917051,0.101456807,-0.199586407,-0.106668124,-0.110684241,-0.22363837,0.181313683
WindGustSpeed,0.253434218,0.099868346,0.187746343,1,0.61684268,0.703171135,-0.555367555,-0.507893661,0.219073591,0.04323619,0.289122008
WindSpeed9am,0.284311567,0.057979224,0.064917051,0.61684268,1,0.498739164,-0.335682612,-0.270805099,0.220988007,0.022344218,0.114703009
WindSpeed3pm,0.084520252,-0.017386725,0.101456807,0.703171135,0.498739164,1,-0.37780644,-0.325799299,0.087046027,-0.058717249,0.110091217
Pressure9am,-0.484335104,-0.299818561,-0.199586407,-0.555367555,-0.335682612,-0.37780644,1,0.955295898,-0.435665387,-0.23363458,-0.293478131
Pressure3pm,-0.473134561,-0.418164371,-0.106668124,-0.507893661,-0.270805099,-0.325799299,0.955295898,1,-0.478558781,-0.365935729,-0.28474793
Temp9am,0.864007899,0.877513267,-0.110684241,0.219073591,0.220988007,0.087046027,-0.435665387,-0.478558781,1,0.843246314,-0.039048458
Temp3pm,0.648879721,0.985466201,-0.22363837,0.04323619,0.022344218,-0.058717249,-0.23363458,-0.365935729,0.843246314,1,-0.169081576
RISK_MM,0.067956569,-0.146647127,0.181313683,0.289122008,0.114703009,0.110091217,-0.293478131,-0.28474793,-0.039048458,-0.169081576,1
