"","MinTemp","MaxTemp","Rainfall","WindGustSpeed","WindSpeed9am","WindSpeed3pm","Pressure9am","Pressure3pm","Temp9am","Temp3pm","RISK_MM"
"MinTemp",1,0.685194718848434,0.0322121333162882,0.253434218121269,0.28431156737243,0.0845202524607407,-0.484335103538144,-0.473134561229521,0.864007898777469,0.648879720686912,0.0679565693555725
"MaxTemp",0.685194718848434,1,-0.208668556648701,0.0998683462880797,0.0579792238015032,-0.0173867253655219,-0.299818560530774,-0.41816437053497,0.877513267378491,0.98546620126783,-0.146647127133762
"Rainfall",0.0322121333162882,-0.208668556648701,1,0.187746342594617,0.0649170506253731,0.10145680730267,-0.199586407087808,-0.106668124017213,-0.110684240717261,-0.223638369562539,0.18131368307739
"WindGustSpeed",0.253434218121269,0.0998683462880797,0.187746342594617,1,0.616842679680505,0.703171134962292,-0.555367555234107,-0.507893661028444,0.219073591220014,0.0432361902596549,0.289122007974709
"WindSpeed9am",0.28431156737243,0.0579792238015032,0.0649170506253731,0.616842679680505,1,0.498739163764103,-0.335682612329546,-0.270805099414873,0.220988006611945,0.0223442179914381,0.114703009445685
"WindSpeed3pm",0.0845202524607407,-0.0173867253655219,0.10145680730267,0.703171134962292,0.498739163764103,1,-0.377806440361482,-0.325799299289445,0.087046027074732,-0.0587172488506845,0.110091216712614
"Pressure9am",-0.484335103538144,-0.299818560530774,-0.199586407087808,-0.555367555234107,-0.335682612329546,-0.377806440361482,1,0.955295897614682,-0.435665386737187,-0.233634580266431,-0.293478130841843
"Pressure3pm",-0.473134561229521,-0.41816437053497,-0.106668124017213,-0.507893661028444,-0.270805099414873,-0.325799299289445,0.955295897614682,1,-0.478558781031937,-0.365935728942062,-0.284747929780055
"Temp9am",0.864007898777469,0.877513267378491,-0.110684240717261,0.219073591220014,0.220988006611945,0.087046027074732,-0.435665386737187,-0.478558781031937,1,0.843246314291699,-0.0390484581952439
"Temp3pm",0.648879720686912,0.98546620126783,-0.223638369562539,0.0432361902596549,0.0223442179914381,-0.0587172488506845,-0.233634580266431,-0.365935728942062,0.843246314291699,1,-0.169081575885823
"RISK_MM",0.0679565693555725,-0.146647127133762,0.18131368307739,0.289122007974709,0.114703009445685,0.110091216712614,-0.293478130841843,-0.284747929780055,-0.0390484581952439,-0.169081575885823,1
